182811,United Kingdom
51.51990566,-0.09182811,United Kingdom
51.51990566,-0.09182811,United Kingdom
51.51990566,-0.09182811,United Kingdom
51.51990566,-0.09182811,United Kingdom
51.51990566,-0.09182811,United Kingdom
51.51990566,-0.09182811,United Kingdom
51.51990566,-0.09182811,United Kingdom
51.51990566,-0.09182811,United Kingdom
51.51990566,-0.09182811,United Kingdom
51.51990566,-0.09182811,United Kingdom
51.51990566,-0.09182811,United Kingdom
51.51990566,-0.09182811,United Kingdom
51.51990566,-0.09182811,United Kingdom
51.51990566,-0.09182811,United Kingdom
51.51990566,-0.09182811,United Kingdom
51.51990566,-0.09182811,United Kingdom
51.51990566,-0.09182811,United Kingdom
51.51990566,-0.09182811,United Kingdom
51.51990566,-0.09182811,United Kingdom
51.51990566,-0.09182811,United Kingdom
51.51990566,-0.09182811,United Kingdom
51.520058,-0.091736,United Kingdom
51.520058,-0.091736,United Kingdom
51.5219196,-0.1821302,United Kingdom
51.5219196,-0.1821302,United Kingdom
51.5219196,-0.1821302,United Kingdom
51.5219196,-0.1821302,United Kingdom
51.521617,-0.131736,United Kingdom
51.521617,-0.131736,United Kingdom
51.521617,-0.131736,United Kingdom
51.521617,-0.131736,United Kingdom
51.521617,-0.131736,United Kingdom
51.521617,-0.131736,United Kingdom
51.521617,-0.131736,United Kingdom
51.521617,-0.131736,United Kingdom
51.521617,-0.131736,United Kingdom
51.521617,-0.131736,United Kingdom
51.521617,-0.131736,United Kingdom
51.521617,-0.131736,United Kingdom
51.521617,-0.131736,United Kingdom
51.521617,-0.131736,United Kingdom
51.54255,0.00024,United Kingdom
51.54255,0.00024,United Kingdom
51.54255,0.00024,United Kingdom
51.54255,0.00024,United Kingdom
51.54255,0.00024,United Kingdom
51.54255,0.00024,United Kingdom
51.54255,0.00024,United Kingdom
51.54255,0.00024,United Kingdom
51.54255,0.00024,United Kingdom
51.54255,0.00024,United Kingdom
51.54255,0.00024,United Kingdom
51.54255,0.00024,United Kingdom
51.54255,0.00024,United Kingdom
51.54255,0.00024,United Kingdom
51.54255,0.00024,United Kingdom
51.54255,0.00024,United Kingdom
51.54255,0.00024,United Kingdom
51.54255,0.00024,United Kingdom
51.54255,0.00024,United Kingdom
51.54255,0.00024,United Kingdom
51.54255,0.00024,United Kingdom
51.54255,0.00024,United Kingdom
51.54255,0.00024,United Kingdom
51.54255,0.00024,United Kingdom
51.54255,0.00024,United Kingdom
51.54255,0.00024,United Kingdom
51.54255,0.00024,United Kingdom
51.54255,0.00024,United Kingdom
51.54255,0.00024,United Kingdom
51.54255,0.00024,United Kingdom
51.54255,0.00024,United Kingdom
51.54255,0.00024,United Kingdom
51.54255,0.00024,United Kingdom
51.54255,0.00024,United Kingdom
51.54255,0.00024,United Kingdom
51.54255,0.00024,United Kingdom
51.54255,0.00024,United Kingdom
51.54255,0.00024,United Kingdom
51.54255,0.00024,United Kingdom
51.54255,0.00024,United Kingdom
51.54255,0.00024,United Kingdom
51.54255,0.00024,United Kingdom
51.54255,0.00024,United Kingdom
51.54255,0.00024,United Kingdom
51.54255,0.00024,United Kingdom
51.54255,0.00024,United Kingdom
51.54255,0.00024,United Kingdom
51.54255,0.00024,United Kingdom
51.54255,0.00024,United Kingdom
51.54255,0.00024,United Kingdom
51.54255,0.00024,United Kingdom
51.54255,0.00024,United Kingdom
51.54255,0.00024,United Kingdom
51.54255,0.00024,United Kingdom
51.54255,0.00024,United Kingdom
51.54255,0.00024,United Kingdom
51.54255,0.00024,United Kingdom
51.54255,0.00024,United Kingdom
51.54255,0.00024,United Kingdom
51.54255,0.00024,United Kingdom
51.54255,0.00024,United Kingdom
51.54255,0.00024,United Kingdom
51.54255,0.00024,United Kingdom
